{"train_acc":0.786376953125,"lr":1e-05,"_wandb":{"runtime":37},"val_loss":0.8454815745353699,"_timestamp":1.763147338802134e+09,"train_loss":0.5674777179956436,"_step":99,"best_val_acc":0.71630859375,"best_epoch":94,"epoch":100,"_runtime":37,"val_acc":0.6904296875}